company-card-desktop href,company-name,company-description,CTL Vertical,metadata-value 2,Confirmed Solution,Confirmed Sector,Gemini Drawdown Solution,Gemini Drawdown Sector,Perplexity AI Solution,Perplexity AI Topic,company-card-logo src
https://www.climatetechlist.com/company/dcbel,dcbel,"Dcbel offers AI-driven sustainable technologies which enable people to leverage solar energy to power their cars, homes, and lifestyles.",Built Environment,Series B,,Buildings,,,Distributed Solar Photovoltaics,,https://www.climatetechlist.com/_next/image?url=https%3A%2F%2Flogo.clearbit.com%2Fhttp%3A%2F%2Fwww.dcbel.energy&w=640&q=75
https://www.climatetechlist.com/company/infogrid,Infogrid,Infogrid is an AI technology company that automates building management.,Built Environment,Series B,,Buildings,Building Automation Systems,,Building Automation Systems,,https://www.climatetechlist.com/_next/image?url=https%3A%2F%2Flogo.clearbit.com%2Fhttps%3A%2F%2Finfogrid.io&w=640&q=75
https://www.climatetechlist.com/company/enverid-systems,enVerid Systems,enVerid provides indoor air quality and HVAC energy-saving technologies for commercial buildings.,Built Environment,Series B,,Buildings,Building Retrofitting,,Building Retrofitting,,https://www.climatetechlist.com/_next/image?url=https%3A%2F%2Flogo.clearbit.com%2Fhttps%3A%2F%2Fwww.enverid.com%2F&w=640&q=75
https://www.climatetechlist.com/company/audio-analytic,Audio Analytic,Audio Analytic provides AI sound recognition technology that makes consumer technology more intelligent.,Built Environment,Series B,,Buildings,,,,,https://www.climatetechlist.com/_next/image?url=https%3A%2F%2Flogo.clearbit.com%2Fhttp%3A%2F%2Faudioanalytic.com&w=640&q=75
https://www.climatetechlist.com/company/breezeway,Breezeway,Breezeway is a property care and services platform designed to reduce the headaches of property management.,Built Environment,Series B,,Buildings,,,Buildings,,https://www.climatetechlist.com/_next/image?url=https%3A%2F%2Flogo.clearbit.com%2Fhttp%3A%2F%2Fbreezeway.io&w=640&q=75
https://www.climatetechlist.com/company/enerbrain,Enerbrain,"Enerbrain turns wasteful buildings into smarter, healthier & more sustainable ones with an innovative IoT energy retrofit solution.",Built Environment,Series B,,Buildings,Building Retrofitting,,Building Automation Systems,,https://www.climatetechlist.com/_next/image?url=https%3A%2F%2Flogo.clearbit.com%2Fhttps%3A%2F%2Fwww.enerbrain.com%2F&w=640&q=75
https://www.climatetechlist.com/company/hayden-ai,Hayden Ai,We deliver leading edge technology that powers safer and smarter communities.,Built Environment,Series B,,Buildings,,,Transportation,,https://www.climatetechlist.com/_next/image?url=https%3A%2F%2Flogo.clearbit.com%2Fhttp%3A%2F%2Fhayden.ai&w=640&q=75
https://www.climatetechlist.com/company/homee,Homee,"The leading InsurTech platform for connecting insurers, policyholders and skilled service providers in a property claim.",Built Environment,Series B,,Buildings,,,Buildings,,https://www.climatetechlist.com/_next/image?url=https%3A%2F%2Flogo.clearbit.com%2Fhttp%3A%2F%2Fhomee.com&w=640&q=75
https://www.climatetechlist.com/company/neoom-ag,Neoom,neoom is a European Cleantech scale-up founded in Austria.,Built Environment,Series B,,Buildings,,,Electricity,,https://www.climatetechlist.com/_next/image?url=https%3A%2F%2Flogo.clearbit.com%2Fhttp%3A%2F%2Fneoom.com&w=640&q=75
https://www.climatetechlist.com/company/net2grid,Net2grid,Net2Grid offers real-time energy disaggregation.,Built Environment,Series B,,Buildings,,,,Smart Thermostats,https://www.climatetechlist.com/_next/image?url=https%3A%2F%2Flogo.clearbit.com%2Fhttp%3A%2F%2Fnet2grid.com&w=640&q=75
https://www.climatetechlist.com/company/pearlx-infrastructure,PearlX,Pearlx Infrastructure is specialized in digitally connecting global infrastructure assets and offers energy leasing position.,Built Environment,Series B,,Buildings,,,Grid Flexibility,,https://www.climatetechlist.com/_next/image?url=https%3A%2F%2Flogo.clearbit.com%2Fhttps%3A%2F%2Fpearlx.com%2F&w=640&q=75
https://www.climatetechlist.com/company/smartaccom,SmartAC.com,SmartAC.com is digitizing the HVAC industry to perfect the experience of home comfort.,Built Environment,Series B,,Buildings,Building Automation Systems,,High-Efficiency Heat Pumps,,https://www.climatetechlist.com/_next/image?url=https%3A%2F%2Flogo.clearbit.com%2Fhttp%3A%2F%2Fsmartac.com&w=640&q=75
https://www.climatetechlist.com/company/ubiquitous-energy,Ubiquitous Energy,"Ubiquitous Energy makes transparent solar technology for windows, electronics, and other applications.",Built Environment,Series B,,Buildings,High-Performance Glass,,Building Integrated Photovoltaics,,https://www.climatetechlist.com/_next/image?url=https%3A%2F%2Flogo.clearbit.com%2Fhttp%3A%2F%2Fwww.ubiquitous.energy&w=640&q=75
https://www.climatetechlist.com/company/wattwatchers,Wattwatchers,Wattwatchers Digital Energy is part of the Energy Saving Networks Group,Built Environment,Series B,,Buildings,,Electricity,Building Automation Systems,,https://www.climatetechlist.com/_next/image?url=https%3A%2F%2Flogo.clearbit.com%2Fhttp%3A%2F%2Fwattwatchers.com.au&w=640&q=75
https://www.climatetechlist.com/company/seekops,SeekOps,SeekOps provides end-to-end gas emissions inspection operations to oil and gas customers.,Carbon Accounting/Credits,Series B,,,Methane Leak Management,,Methane Leak Management,,https://www.climatetechlist.com/_next/image?url=https%3A%2F%2Flogo.clearbit.com%2Fhttp%3A%2F%2Fseekops.com&w=640&q=75
https://www.climatetechlist.com/company/daphne-technology,Daphne Technology,"Daphne Technology is a developer of a sustainable, technically advanced and cost efficient air emissions control system.",Carbon Accounting/Credits,Series B,,,,Industry,Efficient Ocean Shipping,,https://www.climatetechlist.com/_next/image?url=https%3A%2F%2Flogo.clearbit.com%2Fhttp%3A%2F%2Fwww.daphnetechnology.com&w=640&q=75
https://www.climatetechlist.com/company/circulor,Circulor,Circulor is a blockchain sustainability company that offers traceability-as-a-service and supply chain solutions for manufacturers.,Carbon Accounting/Credits,Series B,,,,,Industry,,https://www.climatetechlist.com/_next/image?url=https%3A%2F%2Flogo.clearbit.com%2Fhttps%3A%2F%2Fcirculor.com&w=640&q=75
https://www.climatetechlist.com/company/supplyshift,SupplyShift,SupplyShift is a supply chain sustainability platform that offers supply chain solutions for customers and businesses.,Carbon Accounting/Credits,Series B,,,,,Industry,,https://www.climatetechlist.com/_next/image?url=https%3A%2F%2Flogo.clearbit.com%2Fhttp%3A%2F%2Fsupplyshift.net&w=640&q=75
https://www.climatetechlist.com/company/higg-co,Worldly,Higg Co is an Integrated Software Platform.,Carbon Accounting/Credits,Series B,,,,,Industry,,https://www.climatetechlist.com/_next/image?url=https%3A%2F%2Flogo.clearbit.com%2Fhttp%3A%2F%2Fhigg.com&w=640&q=75
https://www.climatetechlist.com/company/zeronorth,ZeroNorth,ZeroNorth is a Clean Tech company that is using data connected on a digital platform to support shipping's decarbonisation.,Carbon Accounting/Credits,Series B,,,Efficient Ocean Shipping,,Efficient Ocean Shipping,,https://www.climatetechlist.com/_next/image?url=https%3A%2F%2Flogo.clearbit.com%2Fhttps%3A%2F%2Fzeronorth.com%2F&w=640&q=75
https://www.climatetechlist.com/company/twelve,Twelve,Twelve is a carbon transformation company that eliminates emissions by turning CO2 into essential products.,Carbon Removal,Series B,,,,Engineered Sinks,Alternative Cement,,https://www.climatetechlist.com/_next/image?url=https%3A%2F%2Flogo.clearbit.com%2Fhttp%3A%2F%2Fwww.twelve.co&w=640&q=75
https://www.climatetechlist.com/company/prometheus,Prometheus,Prometheus is an oil and gas company.,Carbon Removal,Series B,,,,,Other Energy,,https://www.climatetechlist.com/_next/image?url=https%3A%2F%2Flogo.clearbit.com%2Fhttp%3A%2F%2Fprometheusfuels.com&w=640&q=75
https://www.climatetechlist.com/company/leap,Leap,Distributed energy resource aggregation software / virtual power plant software.,Clean Energy,Series B,,,Grid Flexibility,,Grid Flexibility,,https://www.climatetechlist.com/_next/image?url=%2Fcompany_logos%2Fleap.jpg&w=640&q=75
https://www.climatetechlist.com/company/span,Span,"Smart electrical panels to enable homes to get clean energy, faster, cheaper, and more easily.",Clean Energy,Series B,,,Distributed Energy Storage,,Grid Flexibility,,https://www.climatetechlist.com/_next/image?url=%2Fcompany_logos%2Fspan.jpg&w=640&q=75
https://www.climatetechlist.com/company/raptor-maps,Raptor Maps,"Raptor Maps is building the integrated operating system for the solar industry, enabling the industry to scale and meet global climate goals.",Clean Energy,Series B,,,Distributed Solar Photovoltaics,,Distributed Solar Photovoltaics,,https://www.climatetechlist.com/_next/image?url=%2Fcompany_logos%2Fraptor-maps.png&w=640&q=75
https://www.climatetechlist.com/company/blocpower,BlocPower,"Software for financing, designing, and planning clean energy building retrofits.",Clean Energy,Series B,,,Building Retrofitting,,Building Retrofitting,,https://www.climatetechlist.com/_next/image?url=%2Fcompany_logos%2Fblocpower.png&w=640&q=75
https://www.climatetechlist.com/company/rondo-energy,Rondo Energy,"Rondo Heat Battery powers industrial processes with renewable electricity, cutting energy costs and eliminating emissions.",Clean Energy,Series B,,,,Industry,Industrial Process Heat,,https://www.climatetechlist.com/_next/image?url=https%3A%2F%2Flogo.clearbit.com%2Fhttps%3A%2F%2Fwww.rondo.energy%2F&w=640&q=75
https://www.climatetechlist.com/company/nuru,Nuru,Nuru is a renewable and environment company that specializes in the fields of storage micro-grids and solar energy.,Clean Energy,Series B,,,Microgrids,,Microgrids,,https://www.climatetechlist.com/_next/image?url=https%3A%2F%2Flogo.clearbit.com%2Fhttp%3A%2F%2Fnuru.cd&w=640&q=75
https://www.climatetechlist.com/company/symend,Symend,Symend's digital engagement platform uses behavioral science and data-driven insights to empower customers to resolve past due bills.,Clean Energy,Series B,,,,,Buildings,,https://www.climatetechlist.com/_next/image?url=https%3A%2F%2Flogo.clearbit.com%2Fhttp%3A%2F%2Fsymend.com&w=640&q=75
https://www.climatetechlist.com/company/zen-ecosystems,Zen Ecosystems,Zen Ecosystems provides intelligent energy management solutions to businesses and consumers.,Clean Energy,Series B,,,Building Automation Systems,,Building Automation Systems,,https://www.climatetechlist.com/_next/image?url=https%3A%2F%2Flogo.clearbit.com%2Fhttp%3A%2F%2Fzenecosystems.com&w=640&q=75
https://www.climatetechlist.com/company/onenergy,On.Energy,On.Energy is an energy storage developer that offers AI-powered energy management software and in-house analytics for grid-scale projects.,Clean Energy,Series B,,,Utility-Scale Energy Storage,,Grid Flexibility,,https://www.climatetechlist.com/_next/image?url=https%3A%2F%2Flogo.clearbit.com%2Fhttp%3A%2F%2Fon.energy&w=640&q=75
https://www.climatetechlist.com/company/piclo,Piclo,"Piclo develops software to make electricity grids smart, flexible and sustainable.",Clean Energy,Series B,,,Grid Flexibility,,Grid Flexibility,,https://www.climatetechlist.com/_next/image?url=https%3A%2F%2Flogo.clearbit.com%2Fhttps%3A%2F%2Fpiclo.energy%2F&w=640&q=75
https://www.climatetechlist.com/company/recurve,Recurve,Recurve is an open-source SaaS platform with tools that help utilities leverage their smart meter data to measure energy usage.,Clean Energy,Series B,,,,Electricity,Building Automation Systems,,https://www.climatetechlist.com/_next/image?url=https%3A%2F%2Flogo.clearbit.com%2Fhttp%3A%2F%2Fwww.recurve.com&w=640&q=75
https://www.climatetechlist.com/company/ionblox,Ionblox,Ionblox has developed high energy density lithium ion batteries for ground and aerial electric vehicles.,Clean Energy,Series B,,,Electric Cars (batteries),Transportation,Electric Vehicles,,https://www.climatetechlist.com/_next/image?url=https%3A%2F%2Flogo.clearbit.com%2Fhttps%3A%2F%2Fwww.zenlabsinc.com%2F&w=640&q=75
https://www.climatetechlist.com/company/titan-advanced-energy-solutions,Titan Advanced Energy Solutions,Titan Advanced Energy Solutions is a provider of ultrasound-based battery management solutions,Clean Energy,Series B,,,,,Electric Vehicles,,https://www.climatetechlist.com/_next/image?url=https%3A%2F%2Flogo.clearbit.com%2Fhttps%3A%2F%2Fwww.titanaes.com%2F&w=640&q=75
https://www.climatetechlist.com/company/metron,METRON,METRON is a foundation stone using artificial intelligence based on Energy Data and ontologies.,Clean Energy,Series B,,,,Electricity,Building Automation Systems,,https://www.climatetechlist.com/_next/image?url=https%3A%2F%2Flogo.clearbit.com%2Fhttps%3A%2F%2Fwww.metron.energy%2F&w=640&q=75
https://www.climatetechlist.com/company/mpower-technology,mPower Technology,mPower Technology is an innovative solar cell technology startup.,Clean Energy,Series B,,,Distributed Solar Photovoltaics,,Distributed Solar Photovoltaics,,https://www.climatetechlist.com/_next/image?url=https%3A%2F%2Flogo.clearbit.com%2Fhttps%3A%2F%2Fmpowertech.com&w=640&q=75
https://www.climatetechlist.com/company/asuene,Asuene,Asuene provides renewable power retail services for local production and consumption.,Clean Energy,Series B,,,,Electricity,Distributed Solar Photovoltaics,,https://www.climatetechlist.com/_next/image?url=https%3A%2F%2Flogo.clearbit.com%2Fhttp%3A%2F%2Fearthene.com&w=640&q=75
https://www.climatetechlist.com/company/beebryte,Beebryte,Predictive HVAC Control Software for Smarter Buildings & Factories,Clean Energy,Series B,,,Building Automation Systems,,Building Automation Systems,,https://www.climatetechlist.com/_next/image?url=https%3A%2F%2Flogo.clearbit.com%2Fhttp%3A%2F%2Fbeebryte.com&w=640&q=75
https://www.climatetechlist.com/company/cygni-energy,Cygni Energy,Cygni Energy is a manufacturer of energy storage devices for commercial and institutional customers.,Clean Energy,Series B,,,Distributed Energy Storage,,Energy Storage,,https://www.climatetechlist.com/_next/image?url=https%3A%2F%2Flogo.clearbit.com%2Fhttp%3A%2F%2Fcygni.com&w=640&q=75
https://www.climatetechlist.com/company/depsys,DEPsys,DEPsys is a technology company that delivers solutions enabling traditional low-voltage electricity networks.,Clean Energy,Series B,,,Grid Flexibility,,Energy Distribution,,https://www.climatetechlist.com/_next/image?url=https%3A%2F%2Flogo.clearbit.com%2Fhttp%3A%2F%2Fdepsys.com&w=640&q=75
https://www.climatetechlist.com/company/esmart-systems,ESmart Systems,ESmart Systems provides AI driven software solutions to the energy industry and service providers.,Clean Energy,Series B,,,,Electricity,Energy Efficiency,,https://www.climatetechlist.com/_next/image?url=https%3A%2F%2Flogo.clearbit.com%2Fhttp%3A%2F%2Fesmartsystems.com&w=640&q=75
https://www.climatetechlist.com/company/ekwateur,Ekwateur,EkWateur provides an innovative and truly seamless customer experience in a collaborative environment.,Clean Energy,Series B,,,,Electricity,Renewable Energy,,https://www.climatetechlist.com/_next/image?url=https%3A%2F%2Flogo.clearbit.com%2Fhttp%3A%2F%2Fekwateur.fr&w=640&q=75
https://www.climatetechlist.com/company/energybot,Energybot,Energy.Bot is a simple and transparent energy marketplace that enables businesses to shop for an energy plan for their business.,Clean Energy,Series B,,,,Electricity,Energy Efficiency,,https://www.climatetechlist.com/_next/image?url=https%3A%2F%2Flogo.clearbit.com%2Fhttp%3A%2F%2Fenergybot.com&w=640&q=75
https://www.climatetechlist.com/company/enlight-mexico,Enlight Mexico,Enlight is a leading solar energy provider for homes and small businesses in Mexico.,Clean Energy,Series B,,,Distributed Solar Photovoltaics,,Solar Power,,https://www.climatetechlist.com/_next/image?url=https%3A%2F%2Flogo.clearbit.com%2Fhttp%3A%2F%2Fenlight.mx&w=640&q=75
https://www.climatetechlist.com/company/enviria,Enviria,Enviria offers solar-centric projects and energy-as-a-service solutions for businesses.,Clean Energy,Series B,,,Distributed Solar Photovoltaics,,Solar Power,,https://www.climatetechlist.com/_next/image?url=%2F_next%2Fstatic%2Fmedia%2Ffavicon.4f7bec82.svg&w=640&q=75
https://www.climatetechlist.com/company/gecko-robotics,Gecko Robotics,Gecko Robotics develops and operates robots to perform infrastructure inspections by climbing into confined and dangerous places.,Clean Energy,Series B,,,,,Industrial Efficiency,,https://www.climatetechlist.com/_next/image?url=https%3A%2F%2Flogo.clearbit.com%2Fhttp%3A%2F%2Fgeckorobotics.com&w=640&q=75
https://www.climatetechlist.com/company/greenbird-integration-technology,Greenbird Integration Technology,"Greenbird provides Utilihive, the Operating System for the DIgital Utility and Energy Cloud.",Clean Energy,Series B,,,,Electricity,Energy Efficiency,,https://www.climatetechlist.com/_next/image?url=https%3A%2F%2Flogo.clearbit.com%2Fhttp%3A%2F%2Fgreenbird.com&w=640&q=75
https://www.climatetechlist.com/company/hystar,Hystar,Hystar develops polymer electrolyte membrane electrolyzers designed for large-scale green hydrogen production.,Clean Energy,Series B,,,,Industry,Green Hydrogen Production,,https://www.climatetechlist.com/_next/image?url=https%3A%2F%2Flogo.clearbit.com%2Fhttps%3A%2F%2Fhystar.com%2F&w=640&q=75
https://www.climatetechlist.com/company/modern-hydrogen,Modern Hydrogen,Modern Hydrogen is a breakthrough energy technology company.,Clean Energy,Series B,,,,Industry,Green Hydrogen Production,,https://www.climatetechlist.com/_next/image?url=https%3A%2F%2Flogo.clearbit.com%2Fhttp%3A%2F%2Fmodernhydrogen.com&w=640&q=75
https://www.climatetechlist.com/company/naked-energy,Naked Energy,Naked Energy has developed an innovative hybrid solar technology generating combined heat and power.,Clean Energy,Series B,,,Solar Hot Water,,Solar Power,,https://www.climatetechlist.com/_next/image?url=https%3A%2F%2Flogo.clearbit.com%2Fhttps%3A%2F%2Fwww.nakedenergy.co.uk%2F&w=640&q=75
https://www.climatetechlist.com/company/nanograf-corporation,Nanograf Corporation,NanoGraf is a battery development company researching ways to improve battery life and charging time.,Clean Energy,Series B,,,Electric Cars (batteries),Transportation,Energy Storage,,https://www.climatetechlist.com/_next/image?url=https%3A%2F%2Flogo.clearbit.com%2Fhttp%3A%2F%2Fnanograf.com&w=640&q=75
https://www.climatetechlist.com/company/peaxy,Peaxy,Peaxy helps companies unlock the value of their industrial data.,Clean Energy,Series B,,,,Industry,Industrial Efficiency,,https://www.climatetechlist.com/_next/image?url=https%3A%2F%2Flogo.clearbit.com%2Fhttp%3A%2F%2Fpeaxy.net&w=640&q=75
https://www.climatetechlist.com/company/redearth-energy-storage,RedEarth Energy Storage,RedEarth Energy Storage is a professional energy storage company that offers systems to suit every client,Clean Energy,Series B,,,Distributed Energy Storage,,Energy Storage,,https://www.climatetechlist.com/_next/image?url=https%3A%2F%2Flogo.clearbit.com%2Fhttp%3A%2F%2Fredearth.energy&w=640&q=75
https://www.climatetechlist.com/company/rongke-power,Rongke Power,Rongke Energy Storage is a vanadium redox flow battery energy storage system service provider.,Clean Energy,Series B,,,Utility-Scale Energy Storage,,Energy Storage,,https://www.climatetechlist.com/_next/image?url=https%3A%2F%2Flogo.clearbit.com%2Fhttp%3A%2F%2Frongkepower.com&w=640&q=75
https://www.climatetechlist.com/company/siteaware,Siteaware,SiteAware solves quality control for construction exterior by transforming physical inspections into digital cloud based automated processes,Clean Energy,Series B,,,,Buildings,Building Efficiency,,https://www.climatetechlist.com/_next/image?url=https%3A%2F%2Flogo.clearbit.com%2Fhttp%3A%2F%2Fsiteaware.com&w=640&q=75
https://www.climatetechlist.com/company/solar-analytics,Solar Analytics,Solar monitoring company that maximises the value home owners get from their solar power system,Clean Energy,Series B,,,Distributed Solar Photovoltaics,,Solar Power,,https://www.climatetechlist.com/_next/image?url=https%3A%2F%2Flogo.clearbit.com%2Fhttp%3A%2F%2Fsolaranalytics.com&w=640&q=75
https://www.climatetechlist.com/company/swell-energy,Swell Energy,Swell Energy is a home energy company that provides smart grid and energy management solutions for homeowners and businesses.,Clean Energy,Series B,,,Distributed Energy Storage,,Microgrids,,https://www.climatetechlist.com/_next/image?url=https%3A%2F%2Flogo.clearbit.com%2Fhttps%3A%2F%2Fwww.swellenergy.com%2F&w=640&q=75
https://www.climatetechlist.com/company/tankfarm,Tankfarm,Tankfarm is a new kind of propane company.,Clean Energy,Series B,,,,,Alternative Fuels,,https://www.climatetechlist.com/_next/image?url=https%3A%2F%2Flogo.clearbit.com%2F33%20&w=640&q=75
https://www.climatetechlist.com/company/trende,Trende,Trende is an online renewable energy retailer company.,Clean Energy,Series B,,,,Electricity,Renewable Energy,,https://www.climatetechlist.com/_next/image?url=https%3A%2F%2Flogo.clearbit.com%2Fhttp%3A%2F%2Ftrende.jp&w=640&q=75
https://www.climatetechlist.com/company/unienergy-technologies,UniEnergy Technologies,UniEnergy Technologies is a produces large-scale energy storage systems,Clean Energy,Series B,,,Utility-Scale Energy Storage,,Energy Storage,,https://www.climatetechlist.com/_next/image?url=https%3A%2F%2Flogo.clearbit.com%2Fhttp%3A%2F%2Fuetechnologies.com&w=640&q=75
https://www.climatetechlist.com/company/urbanfootprint,UrbanFootprint,"Urban, climate & community resilience data platform providing critical intelligence to institutions investing in the world's infrastructure",Clean Energy,Series B,,,,,Urban Planning,,https://www.climatetechlist.com/_next/image?url=https%3A%2F%2Flogo.clearbit.com%2Fhttps%3A%2F%2Furbanfootprint.com%2F&w=640&q=75
https://www.climatetechlist.com/company/verdagy,Verdagy,Verdagy is innovating water electrolysis technology for the very large-scale production of green hydrogen.,Clean Energy,Series B,,,,Industry,Green Hydrogen Production,,https://www.climatetechlist.com/_next/image?url=https%3A%2F%2Flogo.clearbit.com%2Fhttps%3A%2F%2Fverdagy.com%2F&w=640&q=75
https://www.climatetechlist.com/company/yellow,Yellow,Yellow is an Africa-focused fintech.,Clean Energy,Series B,,,,,Financial Inclusion,,https://www.climatetechlist.com/_next/image?url=https%3A%2F%2Flogo.clearbit.com%2Fhttp%3A%2F%2Fyellow.africa&w=640&q=75
https://www.climatetechlist.com/company/circ,Circ,"Circ helps industries meet consumer expectations for sustainability without compromises in quality, price, or convenience.",Efficiency & Reduction,Series B,,,,,Recycling,,https://www.climatetechlist.com/_next/image?url=https%3A%2F%2Flogo.clearbit.com%2Fhttps%3A%2F%2Fcirc.earth%2F&w=640&q=75
https://www.climatetechlist.com/company/numat-technologies,NuMat Technologies,NuMat Technologies builts an Operating System for the commercialization of programmable chemistries.,Efficiency & Reduction,Series B,,,,Industry,Materials Technology,,https://www.climatetechlist.com/_next/image?url=https%3A%2F%2Flogo.clearbit.com%2Fhttps%3A%2F%2Fnumat.com%2F&w=640&q=75
https://www.climatetechlist.com/company/sapphire-technologies,Sapphire Technologies,"Sapphire Technologies develops, manufactures, and sells energy recovery systems for both natural gas and hydrogen industrial applications.",Efficiency & Reduction,Series B,,,,Industry,Energy Efficiency,,https://www.climatetechlist.com/_next/image?url=https%3A%2F%2Flogo.clearbit.com%2Fhttp%3A%2F%2Fsapphiretechnologies.com&w=640&q=75
https://www.climatetechlist.com/company/vizimax,Vizimax,"Vizimax manufactures automation systems for grid modernization products, making the electric grid more efficient with less network outages.",Efficiency & Reduction,Series B,,,Grid Flexibility,,Energy Distribution,,https://www.climatetechlist.com/_next/image?url=https%3A%2F%2Flogo.clearbit.com%2Fhttp%3A%2F%2Fvizimax.com&w=640&q=75
https://www.climatetechlist.com/company/wastefuel,WasteFuel,WasteFuel generates sustainable fuels using technologies to address the climate emergency and revolutionize mobility.,Efficiency & Reduction,Series B,,,,,Alternative Fuels,,https://www.climatetechlist.com/_next/image?url=https%3A%2F%2Flogo.clearbit.com%2Fhttp%3A%2F%2Fwastefuel.com&w=640&q=75
https://www.climatetechlist.com/company/5b-australia,5B Australia,5B operates as a clean technology innovator.,Efficiency & Reduction,Series B,,,,,Solar Power,,https://www.climatetechlist.com/_next/image?url=https%3A%2F%2Flogo.clearbit.com%2Fhttps%3A%2F%2F5b.com.au%2F&w=640&q=75
https://www.climatetechlist.com/company/atec-biodigesters,Atec Biodigesters,ATEC Biodigesters is an Australian-Cambodian social enterprise that produces small-scale biodigester system for rural Cambodian households.,Efficiency & Reduction,Series B,,,Biogas for Cooking,,Clean Cooking,,https://www.climatetechlist.com/_next/image?url=https%3A%2F%2Flogo.clearbit.com%2Fhttp%3A%2F%2Fatecbio.com&w=640&q=75
https://www.climatetechlist.com/company/blocktexx,Blocktexx,BlockTexx is a clean technology company that recovers polyester and cellulose from textiles and clothing.,Efficiency & Reduction,Series B,,,Recycled Plastics,,Recycling,,https://www.climatetechlist.com/_next/image?url=https%3A%2F%2Flogo.clearbit.com%2Fhttp%3A%2F%2Fblocktexx.com&w=640&q=75
https://www.climatetechlist.com/company/bluon-inc,Bluon,Bluon is a mobile app & support platform utilized by one third of all HVAC techs in the U.S.,Efficiency & Reduction,Series B,,,,Buildings,Alternative Refrigerants,,https://www.climatetechlist.com/_next/image?url=https%3A%2F%2Flogo.clearbit.com%2Fhttp%3A%2F%2Fbluon.com&w=640&q=75
https://www.climatetechlist.com/company/brillouin-energy,Brillouin Energy,Brillouin Energy develops renewable energy technologies capable of producing commercially useful amounts of thermal energy.,Efficiency & Reduction,Series B,,,,Other Energy,Nuclear Power,,https://www.climatetechlist.com/_next/image?url=https%3A%2F%2Flogo.clearbit.com%2Fhttp%3A%2F%2Fbrillouinenergy.com&w=640&q=75
https://www.climatetechlist.com/company/chakr-innovation,Chakr Innovation,Chakr Innovation develops technologies that combat the grave threat posed by pollution.,Efficiency & Reduction,Series B,,,,Industry,Industrial Efficiency,,https://www.climatetechlist.com/_next/image?url=https%3A%2F%2Flogo.clearbit.com%2Fhttp%3A%2F%2Fchakr.in&w=640&q=75
https://www.climatetechlist.com/company/ecm-pcb-stator-technology,ECM PCB Stator Technology,ECM uses proprietary PCB Stator technology and SaaS to design optimized electric motors for multiple applications.,Efficiency & Reduction,Series B,,,,Industry,Electric Motors,,https://www.climatetechlist.com/_next/image?url=https%3A%2F%2Flogo.clearbit.com%2Fhttp%3A%2F%2Fpcbstator.com&w=640&q=75
https://www.climatetechlist.com/company/eavor,Eavor,"Eavor is a technology-based energy company that provides a clean, carbon-neutral, scalable, baseload power solution.",Efficiency & Reduction,Series B,,,Geothermal Power,,Geothermal Power,,https://www.climatetechlist.com/_next/image?url=https%3A%2F%2Flogo.clearbit.com%2Fhttps%3A%2F%2Feavor.com%2F&w=640&q=75
https://www.climatetechlist.com/company/enervee,Enervee,Enervee is a platform-oriented company that drives energy efficiency and consumer engagement through a suite of innovative SaaS products.,Efficiency & Reduction,Series B,,,,Electricity,Energy Efficiency,,https://www.climatetechlist.com/_next/image?url=https%3A%2F%2Flogo.clearbit.com%2Fhttp%3A%2F%2Fenervee.com%2Fbusiness&w=640&q=75
https://www.climatetechlist.com/company/enginzyme,EnginZyme,EnginZyme is a biotechnology company that creates biomanufacturing techniques for the sustainable production of common goods.,Efficiency & Reduction,Series B,,,,Industry,Sustainable Manufacturing,,https://www.climatetechlist.com/_next/image?url=https%3A%2F%2Flogo.clearbit.com%2Fhttp%3A%2F%2Fenginzyme.com%2F&w=640&q=75
https://www.climatetechlist.com/company/gen-phoenix,Gen Phoenix,Gen Phoenix recycles materials to produce advanced upholstery and cladding materials.,Efficiency & Reduction,Series B,,,Recycled Plastics,,Recycling,,https://www.climatetechlist.com/_next/image?url=https%3A%2F%2Flogo.clearbit.com%2Fhttp%3A%2F%2Fgenphoenix.com&w=640&q=75
https://www.climatetechlist.com/company/glaciem-cooling-technologies,Glaciem Cooling Technologies,"Glaciem Cooling Technologies offers sustainable heating and cooling, thermal energy storage, and smart software.",Efficiency & Reduction,Series B,,,,Buildings,Energy Efficiency,,https://www.climatetechlist.com/_next/image?url=https%3A%2F%2Flogo.clearbit.com%2Fhttp%3A%2F%2Fglaciemcooling.com&w=640&q=75
https://www.climatetechlist.com/company/infinited-fiber-company,Infinited Fiber Company,Infinited Fiber Company is on a mission to make circular fashion and textiles an everyday reality,Efficiency & Reduction,Series B,,,Recycled Plastics,,Recycling,,https://www.climatetechlist.com/_next/image?url=https%3A%2F%2Flogo.clearbit.com%2Fhttp%3A%2F%2Finfinitedfiber.com&w=640&q=75
https://www.climatetechlist.com/company/noveon-magnetics,Noveon Magnetics,Noveon Magnetics develops a proprietary Magnet-to-Magnet recycling process.,Efficiency & Reduction,Series B,,,Recycled Metals,,Recycling,,https://www.climatetechlist.com/_next/image?url=https%3A%2F%2Flogo.clearbit.com%2Fhttp%3A%2F%2Fnoveon.co&w=640&q=75
https://www.climatetechlist.com/company/pyrowave,Pyrowave,Pyrowave closes the loop of polymer lifecycle by bringing plastic waste back to life.,Efficiency & Reduction,Series B,,,Recycled Plastics,,Recycling,,https://www.climatetechlist.com/_next/image?url=https%3A%2F%2Flogo.clearbit.com%2Fhttp%3A%2F%2Fpyrowave.com&w=640&q=75
https://www.climatetechlist.com/company/qvantum,Qvantum,Qvantum is a comprehensive supplier of innovative and efficient energy solutions.,Efficiency & Reduction,Series B,,,,Electricity,Heat Pumps,,https://www.climatetechlist.com/_next/image?url=https%3A%2F%2Flogo.clearbit.com%2Fhttps%3A%2F%2Fwww.qvantum.com%2F&w=640&q=75
https://www.climatetechlist.com/company/resynergi,Resynergi,Resynergi focuses on the global problem of waste plastics.,Efficiency & Reduction,Series B,,,Recycled Plastics,,Recycling,,https://www.climatetechlist.com/_next/image?url=https%3A%2F%2Flogo.clearbit.com%2Fhttp%3A%2F%2Fresynergi.com&w=640&q=75
https://www.climatetechlist.com/company/scipher-technologies,Scipher Technologies,Scipher Technologies is an ESG urban mining through the recycling and recovery of valuable metals and materials sourced from e-waste.,Efficiency & Reduction,Series B,,,Recycling,,Recycling,,https://www.climatetechlist.com/_next/image?url=https%3A%2F%2Flogo.clearbit.com%2Fhttps%3A%2F%2Fscipher.com.au&w=640&q=75
https://www.climatetechlist.com/company/tau-group,Tau Group,"E-mobility, Sustainable Manufacturing, Advanced Materials, Cleantech, Electrification, Decarbonization",Efficiency & Reduction,Series B,,,Electric Cars,Transportation,Sustainable Manufacturin,,https://www.climatetechlist.com/_next/image?url=https%3A%2F%2Flogo.clearbit.com%2Fhttp%3A%2F%2Ftau.group&w=640&q=75
https://www.climatetechlist.com/company/triplew-ltd,TripleW Ltd.,"TripleW upcycles food waste into high-demand, high-value lactic acid, the building block of PLA bioplastics.",Efficiency & Reduction,Series B,,,Bioplastics,,Recycling,,https://www.climatetechlist.com/_next/image?url=https%3A%2F%2Flogo.clearbit.com%2Fhttps%3A%2F%2Fwww.triplew.co%2F&w=640&q=75
https://www.climatetechlist.com/company/climateai,ClimateAI,"ClimateAI is an enterprise climate platform to help companies reduce, monitor, and adapt to physical climate risks.",Financing & Fintech,Series B,,,,,Climate Risk Assessment and Adaptation,,https://www.climatetechlist.com/_next/image?url=https%3A%2F%2Flogo.clearbit.com%2Fhttps%3A%2F%2Fwww.climate.ai%2F&w=640&q=75
https://www.climatetechlist.com/company/combocurve,Combocurve,ComboCurve is a Fintech business that focuses on good predictions and cash flow analysis in the energy sector.,Financing & Fintech,Series B,,,,,Energy Efficiency,,https://www.climatetechlist.com/_next/image?url=https%3A%2F%2Flogo.clearbit.com%2Fhttp%3A%2F%2Fcombocurve.com&w=640&q=75
https://www.climatetechlist.com/company/descartes-underwriting,Descartes Underwriting,Descartes Underwriting is an insurtech company that specializes in climate risk modeling and data-driven risk transfer.,Financing & Fintech,Series B,,,,,Climate Risk Assessment and Adaptation,,https://www.climatetechlist.com/_next/image?url=https%3A%2F%2Flogo.clearbit.com%2Fhttps%3A%2F%2Fdescartesunderwriting.com&w=640&q=75
https://www.climatetechlist.com/company/moove,Moove,Moove is a technologically integrated vehicle financing platform for mobility entrepreneurs.,Financing & Fintech,Series B,,,,Transportation,Electric Vehicles,,https://www.climatetechlist.com/_next/image?url=https%3A%2F%2Flogo.clearbit.com%2Fhttp%3A%2F%2Fmoove.io&w=640&q=75
https://www.climatetechlist.com/company/ncx,NCX,NCX enables corporations to support landowners and their forests through its forest carbon marketplace.,Financing & Fintech,Series B,,,Forest Protection,,Carbon Credits and Offsets,,https://www.climatetechlist.com/_next/image?url=https%3A%2F%2Flogo.clearbit.com%2Fhttps%3A%2F%2Fncx.com&w=640&q=75
https://www.climatetechlist.com/company/orennia,Orennia,Orennia is a technology company focused on the renewable power sector.,Financing & Fintech,Series B,,,,Electricity,Renewable Energy,,https://www.climatetechlist.com/_next/image?url=https%3A%2F%2Flogo.clearbit.com%2Fhttps%3A%2F%2Forennia.com%2F&w=640&q=75
https://www.climatetechlist.com/company/service-1st-financial,Service 1st Financial,Service 1st Financial offers a worry-free home comfort solution for HVAC systems.,Financing & Fintech,Series B,,,,Buildings,Energy Efficiency,,https://www.climatetechlist.com/_next/image?url=https%3A%2F%2Flogo.clearbit.com%2Fhttps%3A%2F%2Fwww.service1stfinancial.com%2F&w=640&q=75
https://www.climatetechlist.com/company/mill,Mill,Consumer food dehydrator and accompanying processing service to reclaim residential food waste as chicken feed.,Food & Ag,Series B,,,Reduced Food Waste,,Reduced Food Waste,,https://www.climatetechlist.com/_next/image?url=%2Fcompany_logos%2Fmill.png&w=640&q=75
https://www.climatetechlist.com/company/afresh,Afresh,"Software to forecast demand and manage orders, inventory and operations for fresh produce in grocery stores.",Food & Ag,Series B,,,Reduced Food Waste,,Reduced Food Waste,,https://www.climatetechlist.com/_next/image?url=%2Fcompany_logos%2Fafresh.jpg&w=640&q=75
https://www.climatetechlist.com/company/regrow,Regrow,"Software platform for agronomy and scenario planning with monitoring, reporting, and verification.",Food & Ag,Series B,,,,"Food, Agriculture, and Land Use",Regenerative Annual Cropping,,https://www.climatetechlist.com/_next/image?url=%2Fcompany_logos%2Fregrow.png&w=640&q=75
https://www.climatetechlist.com/company/freight-farms,Freight Farms,Freight Farms offers high-volume crop production units made from upcycled shipping containers to support farming in any climate.,Food & Ag,Series B,,,,"Food, Agriculture, and Land Use",Sustainable Agriculture,,https://www.climatetechlist.com/_next/image?url=https%3A%2F%2Flogo.clearbit.com%2Fhttp%3A%2F%2Fwww.freightfarms.com%2F&w=640&q=75
https://www.climatetechlist.com/company/intelligent-growth-solutions,Intelligent Growth Solutions,"Power, lighting and communications platforms in controlled environments.",Food & Ag,Series B,,,,"Food, Agriculture, and Land Use",Sustainable Agriculture,,https://www.climatetechlist.com/_next/image?url=https%3A%2F%2Flogo.clearbit.com%2Fhttp%3A%2F%2Fintelligentgrowthsolutions.com&w=640&q=75
https://www.climatetechlist.com/company/oishii-farm,Oishii Farm,Oishii Farm provides indoor vertical farming technology.,Food & Ag,Series B,,,,"Food, Agriculture, and Land Use",Sustainable Agriculture,,https://www.climatetechlist.com/_next/image?url=https%3A%2F%2Flogo.clearbit.com%2Fhttps%3A%2F%2Fwww.oishii.com&w=640&q=75
https://www.climatetechlist.com/company/upward-farms,Upward Farms,"Upward Farms grows high ecological and quality standard leafy greens and fish to nourish people, families, and the planet.",Food & Ag,Series B,,,,"Food, Agriculture, and Land Use",Sustainable Agriculture,,https://www.climatetechlist.com/_next/image?url=https%3A%2F%2Flogo.clearbit.com%2Fhttps%3A%2F%2Fwww.eatupwardfarms.com&w=640&q=75
https://www.climatetechlist.com/company/ecorobotix,ecoRobotix,ecoRobotix provides AI powered plant-by-plant recognition and ultra-high precision crop treatment,Food & Ag,Series B,,,,"Food, Agriculture, and Land Use",Sustainable Agriculture,,https://www.climatetechlist.com/_next/image?url=https%3A%2F%2Flogo.clearbit.com%2Fhttp%3A%2F%2Fwww.ecorobotix.com%2F&w=640&q=75
https://www.climatetechlist.com/company/nth-cycle,Nth Cycle,Nth Cycle is a metal processing technology company working with battery recyclers and miners to recover production-grade critical minerals.,Industrials,Series B,,,Recycled Metals,,Recycling,,https://www.climatetechlist.com/_next/image?url=https%3A%2F%2Flogo.clearbit.com%2Fhttps%3A%2F%2Fnthcycle.com&w=640&q=75
https://www.climatetechlist.com/company/finite-state,Finite State,Finite State provides product and supply chain security for connected devices and critical infrastructure.,Industrials,Series B,,,,,Industrial Efficiency,,https://www.climatetechlist.com/_next/image?url=https%3A%2F%2Flogo.clearbit.com%2Fhttp%3A%2F%2Ffinitestate.io&w=640&q=75
https://www.climatetechlist.com/company/adionics,Adionics,"Adionics provides ionic solutions for salt separations, lithium, and iodide extractions.",Industrials,Series B,,,,Industry,Water Distribution,,https://www.climatetechlist.com/_next/image?url=%2F_next%2Fstatic%2Fmedia%2Ffavicon.4f7bec82.svg&w=640&q=75
https://www.climatetechlist.com/company/agreena,Agreena,"Agreena is an AgTech startup that manufactures, verifies, and sells carbon credits.",Industrials,Series B,,,,"Food, Agriculture, and Land Use",Carbon Credits and Offsets,,https://www.climatetechlist.com/_next/image?url=https%3A%2F%2Flogo.clearbit.com%2Fhttps%3A%2F%2Fagreena.com%2F&w=640&q=75
https://www.climatetechlist.com/company/airex-energy,Airex Energy,Airex Energy has successfully developed an exciting new technology for biomass torrefaction.,Industrials,Series B,,,Biochar Production,,Alternative Energy,,https://www.climatetechlist.com/_next/image?url=https%3A%2F%2Flogo.clearbit.com%2Fhttp%3A%2F%2Fairex-energy.com&w=640&q=75
https://www.climatetechlist.com/company/osprey-informatics,Osprey Informatics,Osprey Informatics provides a computer vision platform that transforms images and video into actionable enterprise intelligence.,Industrials,Series B,,,,,Industrial Efficiency,,https://www.climatetechlist.com/_next/image?url=https%3A%2F%2Flogo.clearbit.com%2Fhttp%3A%2F%2Fospreyinformatics.com&w=640&q=75
https://www.climatetechlist.com/company/qio-technologies,QiO Technologies,QiO Technologies is an AI sustainability tech company that provides a sustainability suite to reduce greenhouse gas emissions.,Industrials,Series B,,,,,Energy Efficiency,,https://www.climatetechlist.com/_next/image?url=https%3A%2F%2Flogo.clearbit.com%2Fhttp%3A%2F%2Fqio.io&w=640&q=75
https://www.climatetechlist.com/company/scantrust,Scantrust,"A connected goods and packaging platform providing Active Brand Protection, Supply Chain Awareness, and Consumer Engagement benefits.",Industrials,Series B,,,,,Supply Chain Efficiency,,https://www.climatetechlist.com/_next/image?url=https%3A%2F%2Flogo.clearbit.com%2Fhttp%3A%2F%2Fscantrust.com&w=640&q=75
https://www.climatetechlist.com/company/sea6-energy,Sea6 Energy,Sea6 Energy is a platform that utilizes the unlimited potential of the oceans in a sustainable and ethical way.,Industrials,Series B,,,Macroalgae Protection and Restoration,,Sustainable Ocean Solutions,,https://www.climatetechlist.com/_next/image?url=https%3A%2F%2Flogo.clearbit.com%2Fhttp%3A%2F%2Fsea6energy.com%2F&w=640&q=75
https://www.climatetechlist.com/company/xampla,Xampla,"Xampla develops natural, biodegradable materials as sustainable alternatives to traditional plastics.",Industrials,Series B,,,Bioplastics,,Bioplastics,,https://www.climatetechlist.com/_next/image?url=https%3A%2F%2Flogo.clearbit.com%2Fhttp%3A%2F%2Fwww.xampla.com%2F&w=640&q=75
https://www.climatetechlist.com/company/earthoptics,EarthOptics,EarthOptics provides a cloud-based machine learning platform for soil and ground management.,Nature Restoration,Series B,,,,"Food, Agriculture, and Land Use",Sustainable Agriculture,,https://www.climatetechlist.com/_next/image?url=https%3A%2F%2Flogo.clearbit.com%2Fhttp%3A%2F%2Fwww.earthoptics.com%2F&w=640&q=75
https://www.climatetechlist.com/company/detect-technologies,Detect Technologies,"Detect Technologies is as Industrial AI enterprise, increasing industrial productivity with patented hardware and cutting-edge technologies.",Nature Restoration,Series B,,,Methane Leak Management,,Industrial Efficiency,,https://www.climatetechlist.com/_next/image?url=https%3A%2F%2Flogo.clearbit.com%2Fhttp%3A%2F%2Fdetecttechnologies.com&w=640&q=75
https://www.climatetechlist.com/company/open-cosmos,Open Cosmos,"Open Cosmos is a space technology company that designs, builds, and operates low-earth orbit satellites, providing data and images.",Nature Restoration,Series B,,,,,Climate Monitoring,,https://www.climatetechlist.com/_next/image?url=https%3A%2F%2Flogo.clearbit.com%2Fhttp%3A%2F%2Fopen-cosmos.com&w=640&q=75
https://www.climatetechlist.com/company/qube-technologies,Qube Technologies,Qube is developing an IoT device that uses AI to detect and reduce greenhouse gas emissions at oil and gas facilities,Nature Restoration,Series B,,,Methane Leak Management,,Industrial Efficiency,,https://www.climatetechlist.com/_next/image?url=https%3A%2F%2Flogo.clearbit.com%2Fhttp%3A%2F%2Fqubeiot.com&w=640&q=75
https://www.climatetechlist.com/company/project-canary,Project Canary,"Project Canary is a B-Corp that reduces GHG emissions and impacts in the energy, waste, and agriculture sectors through sensor measurement.",Other Verticals,Series B,,,Methane Leak Management,,Emissions Reduction,,https://www.climatetechlist.com/_next/image?url=https%3A%2F%2Flogo.clearbit.com%2Fhttps%3A%2F%2Fwww.projectcanary.com%2F&w=640&q=75
https://www.climatetechlist.com/company/clir-renewables,Clir Renewables,Clir is a renewable energy optimization and reporting software that increases the performance and profitability of renewable plants.,Other Verticals,Series B,,,,Electricity,Renewable Energy,,https://www.climatetechlist.com/_next/image?url=https%3A%2F%2Flogo.clearbit.com%2Fhttp%3A%2F%2Fclir.eco%2F&w=640&q=75
https://www.climatetechlist.com/company/trustrace,TrusTrace,TrusTrace is a Software as a Service (SaaS) company providing a platform dedicated to product traceability and compliance.,Other Verticals,Series B,,,,,Supply Chain Efficiency,,https://www.climatetechlist.com/_next/image?url=https%3A%2F%2Flogo.clearbit.com%2Fhttp%3A%2F%2Fwww.trustrace.com%2F&w=640&q=75
https://www.climatetechlist.com/company/kwh-analytics,kWh Analytics,kWh Analytics provides solar asset data and portfolio analytics for the solar industry.,Other Verticals,Series B,,,,Electricity,Solar Power,,https://www.climatetechlist.com/_next/image?url=https%3A%2F%2Flogo.clearbit.com%2Fhttp%3A%2F%2Fkwhanalytics.com&w=640&q=75
https://www.climatetechlist.com/company/smartcar,Smartcar,Smartcar is the car API for developers. Our platform allows web and mobile apps to locate and unlock cars using simple HTTP requests.,Transportation,Series B,,,,Transportation,Electric Vehicles,,https://www.climatetechlist.com/_next/image?url=https%3A%2F%2Flogo.clearbit.com%2Fhttp%3A%2F%2Fsmartcar.com&w=640&q=75
https://www.climatetechlist.com/company/heart-aerospace,Heart Aerospace,Heart Aerospace is a Swedish startup making electric regional airplanes.,Transportation,Series B,,,Electric Aviation,,Efficient Aviation,,https://www.climatetechlist.com/_next/image?url=https%3A%2F%2Flogo.clearbit.com%2Fhttps%3A%2F%2Fheartaerospace.com%2F&w=640&q=75
https://www.climatetechlist.com/company/iontra,Iontra,Iontra offers a charging technology for substantially improving battery performance and safety.,Transportation,Series B,,,,,Energy Storage,,https://www.climatetechlist.com/_next/image?url=https%3A%2F%2Flogo.clearbit.com%2Fhttps%3A%2F%2Fwww.iontra.com%2F&w=640&q=75
https://www.climatetechlist.com/company/amsl-aero,Amsl Aero,AMSL Aero is a developer of electric vertical take-off and landing aircraft.,Transportation,Series B,,,Electric Aviation,,Efficient Aviation,,https://www.climatetechlist.com/_next/image?url=https%3A%2F%2Flogo.clearbit.com%2Fhttp%3A%2F%2Fvertiia.com&w=640&q=75
https://www.climatetechlist.com/company/ayro,Ayro,"Ayro is a shipping wind power company which designs and delivers wind propulsion systems such as Oceanwings, for maritime transport.",Transportation,Series B,,,Efficient Ocean Shipping,,Wind Turbines,,https://www.climatetechlist.com/_next/image?url=https%3A%2F%2Flogo.clearbit.com%2Fhttp%3A%2F%2Fayro.fr&w=640&q=75
https://www.climatetechlist.com/company/chargex,Chargex,ChargeX provides electric car charging solutions.,Transportation,Series B,,,,Transportation,Electric Vehicles,,https://www.climatetechlist.com/_next/image?url=https%3A%2F%2Flogo.clearbit.com%2Fhttp%3A%2F%2Fchargex.de&w=640&q=75
https://www.climatetechlist.com/company/effenco,Effenco,Effenco is an autotech company specializing in heavy-duty vehicle electrification and connected mobility for the transport industry.,Transportation,Series B,,,Efficient Trucks,,Electric Vehicles,,https://www.climatetechlist.com/_next/image?url=https%3A%2F%2Flogo.clearbit.com%2Fhttp%3A%2F%2Feffenco.com&w=640&q=75
https://www.climatetechlist.com/company/h3-dynamics,H3 Dynamics,"H3 Dynamics is a global advanced air mobility technology company enabling digitization, automation, and decarbonisation of flight.",Transportation,Series B,,,Electric Aviation,,Efficient Aviation,,https://www.climatetechlist.com/_next/image?url=https%3A%2F%2Flogo.clearbit.com%2Fhttps%3A%2F%2Fwww.h3dynamics.com&w=640&q=75
https://www.climatetechlist.com/company/jet-charge,JET Charge,JET Charge is the way in EV charging infrastructure.,Transportation,Series B,,,,Transportation,Electric Vehicles,,https://www.climatetechlist.com/_next/image?url=https%3A%2F%2Flogo.clearbit.com%2Fhttp%3A%2F%2Fwww.jetcharge.com.au%2F&w=640&q=75
https://www.climatetechlist.com/company/maas-global,Maas Global,MaaS Global is a mobility-as-a-service operator that provides its users all types of city transport services in a single app.,Transportation,Series B,,,Public Transit,,Efficient Transportation,,https://www.climatetechlist.com/_next/image?url=https%3A%2F%2Flogo.clearbit.com%2Fhttp%3A%2F%2Fwhimapp.com&w=640&q=75
https://www.climatetechlist.com/company/mojio,Mojio,"Scalable, secure and hardware-agnostic, Mojio is the platform and SaaS provider of choice to build and scale connected mobility services.",Transportation,Series B,,,,Transportation,Efficient Transportation,,https://www.climatetechlist.com/_next/image?url=https%3A%2F%2Flogo.clearbit.com%2Fhttp%3A%2F%2Fmoj.io&w=640&q=75
https://www.climatetechlist.com/company/oyika,Oyika,Oyika is a motor vehicle company that builds battery swap and charging infrastructure for electric vehicles.,Transportation,Series B,,,,Transportation,Electric Vehicles,,https://www.climatetechlist.com/_next/image?url=https%3A%2F%2Flogo.clearbit.com%2Fhttp%3A%2F%2Foyika.com&w=640&q=75
https://www.climatetechlist.com/company/sibros,Sibros,"Sibros offers automotive cloud solutions including OTA software updates, data logging, fleet management, and vehicle analytics.",Transportation,Series B,,,,Transportation,Electric Vehicles,,https://www.climatetechlist.com/_next/image?url=https%3A%2F%2Flogo.clearbit.com%2Fhttp%3A%2F%2Fsibros.tech&w=640&q=75
https://www.climatetechlist.com/company/voltaero,VoltAero,VoltAero is a unique aircraft with parallel electric-hybrid propulsion.,Transportation,Series B,,,Electric Aviation,,Efficient Aviation,,https://www.climatetechlist.com/_next/image?url=https%3A%2F%2Flogo.clearbit.com%2Fhttps%3A%2F%2Fwww.voltaero.aero%2F&w=640&q=75
https://www.climatetechlist.com/company/xingxing-mobility,Xingxing Mobility,Xingxing Mobility is an app that offers an electric kickboard sharing service.,Transportation,Series B,,,Electric Bicycles,,Electric Vehicles,,https://www.climatetechlist.com/_next/image?url=https%3A%2F%2Flogo.clearbit.com%2Fhttp%3A%2F%2Fxingxingmobility.com&w=640&q=75
https://www.climatetechlist.com/company/zeway,ZEWAY,ZEWAY is a developer of mobility solution intended to help people switch to electric scooters for mobility.,Transportation,Series B,,,Electric Bicycles,,Electric Vehicles,,https://www.climatetechlist.com/_next/image?url=https%3A%2F%2Flogo.clearbit.com%2Fhttp%3A%2F%2Fzeway.com&w=640&q=75
https://www.climatetechlist.com/company/passivelogic,PassiveLogic,"PassiveLogic is engineering an autonomous controls platform for buildings, leveraging physics-based digital twins, generative autonomy, cutting-edge sensors, and more.",Built Environment,Series C,,,Building Automation Systems,,Building Efficiency,,https://www.climatetechlist.com/_next/image?url=%2Fcompany_logos%2Fpassivelogic.png&w=640&q=75
https://www.climatetechlist.com/company/atomberg-technology,Atomberg Technology,Atomberg Technology is a manufacturer of smart and energy-efficient household appliances.,Built Environment,Series C,,,,Buildings,Energy Efficiency,,https://www.climatetechlist.com/_next/image?url=https%3A%2F%2Flogo.clearbit.com%2Fhttp%3A%2F%2Fatomberg.com&w=640&q=75
https://www.climatetechlist.com/company/energy-technology-savings,Energy Technology Savings,"A Livingston, N.J.-based energy technology, behavior management and smart building service provider.",Built Environment,Series C,,,,Buildings,Building Efficiency,,https://www.climatetechlist.com/_next/image?url=%2F_next%2Fstatic%2Fmedia%2Ffavicon.4f7bec82.svg&w=640&q=75
https://www.climatetechlist.com/company/hello-alfred,Hello Alfred,Hello Alfred provides resident-first software and services to deliver in-home support and local experiences.,Built Environment,Series C,,,,,Building Efficiency,,https://www.climatetechlist.com/_next/image?url=https%3A%2F%2Flogo.clearbit.com%2Fhttp%3A%2F%2Fhelloalfred.com&w=640&q=75
https://www.climatetechlist.com/company/rhombus-energy-solutions,Rhombus Energy Solutions,"Rhombus Energy Solutions develops and manufactures advanced, high-efficiency power conversion and energy management systems.",Built Environment,Series C,,,,,Energy Storage,,https://www.climatetechlist.com/_next/image?url=https%3A%2F%2Flogo.clearbit.com%2Fhttp%3A%2F%2Frhombusenergysolutions.com%2F&w=640&q=75
https://www.climatetechlist.com/company/sense,Sense,Sense specializes in tracking devices and home automation solutions for its customers.,Built Environment,Series C,,,,Buildings,Energy Efficiency,,https://www.climatetechlist.com/_next/image?url=https%3A%2F%2Flogo.clearbit.com%2Fhttps%3A%2F%2Fsense.com%2F&w=640&q=75
https://www.climatetechlist.com/company/whisker-labs,Whisker Labs,Whisker Labs provides a smart home DIY sensor and software technology delivering home intelligence and peace of mind.,Built Environment,Series C,,,,Buildings,Energy Efficiency,,https://www.climatetechlist.com/_next/image?url=https%3A%2F%2Flogo.clearbit.com%2Fhttp%3A%2F%2Fwhiskerlabs.com&w=640&q=75
https://www.climatetechlist.com/company/encamp,Encamp,"Encamp specializes in environmental compliance automation, hazardous material tracking, and environmental data management.",Carbon Accounting/Credits,Series C,,,,,Environmental Management,,https://www.climatetechlist.com/_next/image?url=https%3A%2F%2Flogo.clearbit.com%2Fhttps%3A%2F%2Fwww.encamp.com%2F&w=640&q=75
https://www.climatetechlist.com/company/blue-planet,Blue Planet,Blue Planet develops technology that uses CO2 as a raw material for making carbonate rocks.,Carbon Removal,Series C,,,Engineered Sinks,,Alternative Building Materials,,https://www.climatetechlist.com/_next/image?url=https%3A%2F%2Flogo.clearbit.com%2Fhttps%3A%2F%2Fwww.blueplanetsystems.com%2F&w=640&q=75
https://www.climatetechlist.com/company/zap-energy,Zap Energy,"Compact fusion energy, no magnets required.",Clean Energy,Series C,,,Nuclear Power,,,Nuclear Fusion,https://www.climatetechlist.com/_next/image?url=%2Fcompany_logos%2Fzap-energy.jpg&w=640&q=75
https://www.climatetechlist.com/company/gridx,GridX,GridX is a provider of cloud-based business operations support tools to utilities and energy suppliers.,Clean Energy,Series C,,,,Electricity,Energy Distribution,,https://www.climatetechlist.com/_next/image?url=https%3A%2F%2Flogo.clearbit.com%2Fhttp%3A%2F%2Fwww.gridx.com%2F&w=640&q=75
https://www.climatetechlist.com/company/bayotech,BayoTech,"BayoTech provides low cost, low/no carbon hydrogen generation systems for agriculture, fuel cells, and energy industries.",Clean Energy,Series C,,,,Industry,Green Hydrogen Production,,https://www.climatetechlist.com/_next/image?url=https%3A%2F%2Flogo.clearbit.com%2Fhttp%3A%2F%2Fwww.bayotech.us&w=640&q=75
https://www.climatetechlist.com/company/connectder,ConnectDER,ConnectDER make products that integrate power and data from residential scale DERs into the grid.,Clean Energy,Series C,,,Distributed Energy Storage,,Energy Distribution,,https://www.climatetechlist.com/_next/image?url=https%3A%2F%2Flogo.clearbit.com%2Fhttp%3A%2F%2FconnectDER.com&w=640&q=75
https://www.climatetechlist.com/company/ampacimon,Ampacimon,Ampacimon develops dynamic line rating systems for transmission and distribution systems operators.,Clean Energy,Series C,,,Grid Flexibility,,Energy Distribution,,https://www.climatetechlist.com/_next/image?url=https%3A%2F%2Flogo.clearbit.com%2Fhttp%3A%2F%2Fampacimon.com&w=640&q=75
https://www.climatetechlist.com/company/blue-world-technologies,Blue World Technologies,Blue World Technologies is a fuel cell manufacturer especially in methanol fuel cells as an alternative to non-renewable fuels.,Clean Energy,Series C,,,,Industry,Alternative Fuels,,https://www.climatetechlist.com/_next/image?url=https%3A%2F%2Flogo.clearbit.com%2Fhttps%3A%2F%2Fwww.blue.world&w=640&q=75
https://www.climatetechlist.com/company/clean-energy-connect,Clean Energy Connect,Clean Energy Connect arranges green electricity solutions to help the corporate customers.,Clean Energy,Series C,,,,Electricity,Renewable Energy,,https://www.climatetechlist.com/_next/image?url=https%3A%2F%2Flogo.clearbit.com%2Fhttp%3A%2F%2Fcleanenergyconnect.jp&w=640&q=75
https://www.climatetechlist.com/company/energy-everywhere,Energy Everywhere,"Developer of solar technology intended to offer affordable sustainable energy. The company's technology ensures reduced dependence on fossil fuel to generate energy, provides on-site clean generation for commercial and industrial businesses that enables predictable energy costs, and offers...",Clean Energy,Series C,,,Distributed Solar Photovoltaics,,Solar Power,,https://www.climatetechlist.com/_next/image?url=%2F_next%2Fstatic%2Fmedia%2Ffavicon.4f7bec82.svg&w=640&q=75
https://www.climatetechlist.com/company/h2,H2,H2 is a Korea-based advanced energy storage company specialized in vanadium redox flow battery.,Clean Energy,Series C,,,Utility-Scale Energy Storage,,Energy Storage,,https://www.climatetechlist.com/_next/image?url=https%3A%2F%2Flogo.clearbit.com%2Fhttp%3A%2F%2Fh2aec.com&w=640&q=75
https://www.climatetechlist.com/company/ionic-materials,Ionic Materials,A materials technology company.,Clean Energy,Series C,,,,Industry,Materials Technology,,https://www.climatetechlist.com/_next/image?url=https%3A%2F%2Flogo.clearbit.com%2Fhttp%3A%2F%2Fionicmaterials.com&w=640&q=75
https://www.climatetechlist.com/company/minna-electric-power,Minna Electric Power,Minna Electric Power is an Electricity retail service for corporations and individuals company.,Clean Energy,Series C,,,,Electricity,Energy Distribution,,https://www.climatetechlist.com/_next/image?url=https%3A%2F%2Flogo.clearbit.com%2Fhttp%3A%2F%2Fminden.co.jp&w=640&q=75
https://www.climatetechlist.com/company/nawa-technologies,Nawa Technologies,"NAWA Technologies is a French SME, has developed an innovative, economically competitive Ultra-Fast Carbon battery, applied nanotechnology.",Clean Energy,Series C,,,Electric Cars (batteries),Transportation,Energy Storage,,https://www.climatetechlist.com/_next/image?url=https%3A%2F%2Flogo.clearbit.com%2Fhttp%3A%2F%2Fnawatechnologies.com&w=640&q=75
https://www.climatetechlist.com/company/ohmium,Ohmium,"Ohmium is a green hydrogen company that manufactures proton exchange membrane systems to produce pressurized, high-purity hydrogen.",Clean Energy,Series C,,,,Industry,Green Hydrogen Production,,https://www.climatetechlist.com/_next/image?url=https%3A%2F%2Flogo.clearbit.com%2Fhttps%3A%2F%2Fohmium.com%2F&w=640&q=75
https://www.climatetechlist.com/company/qnovo,Qnovo,Battery performance improvement software,Clean Energy,Series C,,,,,Energy Storage,,https://www.climatetechlist.com/_next/image?url=https%3A%2F%2Flogo.clearbit.com%2Fhttp%3A%2F%2Fwww.qnovo.com&w=640&q=75
https://www.climatetechlist.com/company/raiven,Raiven,"Developer of a procurement platform that helps businesses source and procure smarter and more efficiently. The company's cloud-based platform is a marketplace that allows clients to add and access preferred suppliers and manages their purchasing and sourcing process, enabling contractors,...",Clean Energy,Series C,,,,,Sustainable Procurement,,https://www.climatetechlist.com/_next/image?url=https%3A%2F%2Flogo.clearbit.com%2Fhttp%3A%2F%2Fraiven.com&w=640&q=75
https://www.climatetechlist.com/company/replicated,Replicated,Replicated provides a platform for delivering and managing Kubernetes applications in any environment.,Clean Energy,Series C,,,,,Software Efficiency,,https://www.climatetechlist.com/_next/image?url=https%3A%2F%2Flogo.clearbit.com%2Fhttp%3A%2F%2Freplicated.com&w=640&q=75
https://www.climatetechlist.com/company/techsee,Techsee,TechSee builds smart visual platforms that enable service providers to interact with the customer via a live virtual channel.,Clean Energy,Series C,,,,,Energy Efficiency,,https://www.climatetechlist.com/_next/image?url=https%3A%2F%2Flogo.clearbit.com%2Fhttp%3A%2F%2Ftechsee.me&w=640&q=75
https://www.climatetechlist.com/company/tsubame-bhb,Tsubame Bhb,Tsubame BHB is a technology company for the innovative ammonia synthesis catalyst in commercial-stage.,Clean Energy,Series C,,,,Industry,Alternative Fuels,,https://www.climatetechlist.com/_next/image?url=https%3A%2F%2Flogo.clearbit.com%2Fhttp%3A%2F%2Ftsubame-bhb.co.jp&w=640&q=75
https://www.climatetechlist.com/company/upstart-power,Upstart Power,"Upstart Power is a privately held company that designs, manufacture, and sells solid oxide fuel cell systems.",Clean Energy,Series C,,,,Industry,Alternative Energy,,https://www.climatetechlist.com/_next/image?url=https%3A%2F%2Flogo.clearbit.com%2Fhttps%3A%2F%2Fwww.upstartpower.com%2F&w=640&q=75
https://www.climatetechlist.com/company/vortexa,Vortexa,Vortexa provides a real-time data and analytics platform for energy and freight industries.,Clean Energy,Series C,,,,,Energy Efficiency,,https://www.climatetechlist.com/_next/image?url=https%3A%2F%2Flogo.clearbit.com%2Fhttp%3A%2F%2Fvortexa.com&w=640&q=75
https://www.climatetechlist.com/company/mint-innovation,Mint Innovation,Developing a biometallurgical processes that use microbes to capture value from metal waste streams while mitigating environmental harm.,Efficiency & Reduction,Series C,,,Recycled Metals,,Recycling,,https://www.climatetechlist.com/_next/image?url=https%3A%2F%2Flogo.clearbit.com%2Fhttps%3A%2F%2Fwww.mint.bio%2F&w=640&q=75
https://www.climatetechlist.com/company/qnergy,Qnergy,"Qnergy was established in 2009 by Ricor Cryogenic and Vacuum, a world leader in the field of miniature Stirling cryogenic coolers.",Efficiency & Reduction,Series C,,,,,Alternative Energy,,https://www.climatetechlist.com/_next/image?url=https%3A%2F%2Flogo.clearbit.com%2Fhttp%3A%2F%2Fqnergy.com&w=640&q=75
https://www.climatetechlist.com/company/erthos,Erthos,Erthos transforms the utility-scale solar industry by driving technology innovation to arrive at the lowest levelized cost of energy.,Efficiency & Reduction,Series C,,,Utility-Scale Solar Photovoltaics,,Solar Power,,https://www.climatetechlist.com/_next/image?url=https%3A%2F%2Flogo.clearbit.com%2Fhttps%3A%2F%2Fwww.erthos.com%2F&w=640&q=75
https://www.climatetechlist.com/company/first-light-fusion,First Light Fusion,First Light Fusion is an energy company that focuses on researching energy generation by inertial confinement fusion.,Efficiency & Reduction,Series C,,,Nuclear Power,,Nuclear Fusion,,https://www.climatetechlist.com/_next/image?url=https%3A%2F%2Flogo.clearbit.com%2Fhttp%3A%2F%2Ffirstlightfusion.com&w=640&q=75
https://www.climatetechlist.com/company/biomason,Biomason,Biomason is a developer of a building materials technology that employs natural microorganisms to grow bio cement in ambient temperatures.,Efficiency & Reduction,Series C,,,Alternative Cement,,Alternative Building Materials,,https://www.climatetechlist.com/_next/image?url=%2F_next%2Fstatic%2Fmedia%2Ffavicon.4f7bec82.svg&w=640&q=75
https://www.climatetechlist.com/company/green-revolution-cooling,Green Revolution Cooling,Green Revolution Cooling provides computer hardware manufacturing services.,Efficiency & Reduction,Series C,,,,,Energy Efficiency,,https://www.climatetechlist.com/_next/image?url=https%3A%2F%2Flogo.clearbit.com%2Fhttp%3A%2F%2Fgrcooling.com&w=640&q=75
https://www.climatetechlist.com/company/nautilus-data-technologies,Nautilus Data Technologies,Nautilus Data Technologies is a collection of data centers used in large businesses.,Efficiency & Reduction,Series C,,,,,Energy Efficiency,,https://www.climatetechlist.com/_next/image?url=https%3A%2F%2Flogo.clearbit.com%2Fhttp%3A%2F%2Fnautilusdt.com&w=640&q=75
https://www.climatetechlist.com/company/refurbed,Refurbed,Refurbed is an online marketplace for refurbished products.,Efficiency & Reduction,Series C,,,Recycling,,Recycling,,https://www.climatetechlist.com/_next/image?url=https%3A%2F%2Flogo.clearbit.com%2Fhttp%3A%2F%2Frefurbed.com&w=640&q=75
https://www.climatetechlist.com/company/brighte,Brighte,"Brighte is a sustainable energy technology platform, offering sustainable energy financing solutions and energy for the home",Financing & Fintech,Series C,,,,,Renewable Energy,,https://www.climatetechlist.com/_next/image?url=https%3A%2F%2Flogo.clearbit.com%2Fhttp%3A%2F%2Fbrighte.com.au&w=640&q=75
https://www.climatetechlist.com/company/persistent-energy-partners,Persistent Energy Partners,Persistent Energy Partners (PEP) focuses on providing off-grid households with access to basic energy services.,Financing & Fintech,Series C,,,,,Clean Energy Access,,https://www.climatetechlist.com/_next/image?url=https%3A%2F%2Flogo.clearbit.com%2Fhttp%3A%2F%2Fpersistent.energy&w=640&q=75
https://www.climatetechlist.com/company/vive-crop-protection,Vive Crop Protection,Vive Crop Protection is an agritech company that makes effective and sustainable pesticides for organic and non-organic production.,Food & Ag,Series C,,,,"Food, Agriculture, and Land Use",Sustainable Agriculture,,https://www.climatetechlist.com/_next/image?url=https%3A%2F%2Flogo.clearbit.com%2Fhttp%3A%2F%2Fvivecrop.com&w=640&q=75
https://www.climatetechlist.com/company/iron-ox,Iron Ox,"Solving global climate through our food, grown renewably, using technology",Food & Ag,Series C,,,,"Food, Agriculture, and Land Use",Sustainable Agriculture,,https://www.climatetechlist.com/_next/image?url=https%3A%2F%2Flogo.clearbit.com%2Fhttp%3A%2F%2Fwww.ironox.com&w=640&q=75
https://www.climatetechlist.com/company/n-drip,N-drip,N-Drip is an agritech company that develops gravity micro-irrigation system to reduce water use in agriculture.,Food & Ag,Series C,,,Farm Irrigation Efficiency,,,,https://www.climatetechlist.com/_next/image?url=https%3A%2F%2Flogo.clearbit.com%2Fhttp%3A%2F%2Fndrip.com&w=640&q=75
https://www.climatetechlist.com/company/seetree,SeeTree,The Intelligence Platform for Tree's,Food & Ag,Series C,,,,Land Sinks,Sustainable Agriculture,,https://www.climatetechlist.com/_next/image?url=https%3A%2F%2Flogo.clearbit.com%2Fhttps%3A%2F%2Fwww.seetree.ai&w=640&q=75
https://www.climatetechlist.com/company/eacon-mining,Eacon Mining,Eacon Mining is a provider of autonomous haulage solutions and new energy technology at surface mines.,Industrials,Series C,,,,,,Efficient Mining,https://www.climatetechlist.com/_next/image?url=https%3A%2F%2Flogo.clearbit.com%2Fhttp%3A%2F%2Feacon.com&w=640&q=75
https://www.climatetechlist.com/company/foghorn,Foghorn,FogHorn is a developer of edge intelligence software for industrial and commercial IoT application solutions.,Industrials,Series C,,,,,,Industrial IoT,https://www.climatetechlist.com/_next/image?url=https%3A%2F%2Flogo.clearbit.com%2Fhttp%3A%2F%2Ffoghorn.io&w=640&q=75
https://www.climatetechlist.com/company/greenwave-systems,Greenwave Systems,Greenwave Systems is a software and services company that leverages Internet of Things technologies to help clients deploy managed services.,Industrials,Series C,,,,,Energy Efficiency,,https://www.climatetechlist.com/_next/image?url=https%3A%2F%2Flogo.clearbit.com%2Fhttp%3A%2F%2Fgreenwavesystems.com&w=640&q=75
https://www.climatetechlist.com/company/percepto,Percepto,Percepto is a developer of autonomous drone technology for surveillance and inspections.,Industrials,Series C,,,,,Industrial Efficiency,,https://www.climatetechlist.com/_next/image?url=https%3A%2F%2Flogo.clearbit.com%2Fhttp%3A%2F%2Fpercepto.co&w=640&q=75
https://www.climatetechlist.com/company/veros-systems,Veros Systems,Veros Systems is a web-based predictive intelligence platform supporting businesses in increasing energy efficiency.,Industrials,Series C,,,,,Energy Efficiency,,https://www.climatetechlist.com/_next/image?url=https%3A%2F%2Flogo.clearbit.com%2Fhttp%3A%2F%2Fverossystems.com&w=640&q=75
https://www.climatetechlist.com/company/beyond-limits,Beyond Limits,"Beyond Limits is an industrial and enterprise-grade AI technology company that focuses on energy, utilities and healthcare.",Nature Restoration,Series C,,,,,Energy Efficiency,,https://www.climatetechlist.com/_next/image?url=https%3A%2F%2Flogo.clearbit.com%2Fhttp%3A%2F%2Fbeyond.ai&w=640&q=75
https://www.climatetechlist.com/company/flyability,Flyability,Flyability is a Swiss company building safe drones for inaccessible places.,Nature Restoration,Series C,,,,,Industrial Efficiency,,https://www.climatetechlist.com/_next/image?url=https%3A%2F%2Flogo.clearbit.com%2Fhttp%3A%2F%2Fflyability.com&w=640&q=75
https://www.climatetechlist.com/company/unseenlabs,Unseenlabs,"Unseenlabs offers maritime surveillance via space-based RF detection, tracking ships worldwide by electromagnetic signatures.",Nature Restoration,Series C,,,,,,Maritime Surveillance,https://www.climatetechlist.com/_next/image?url=https%3A%2F%2Flogo.clearbit.com%2Fhttp%3A%2F%2Funseenlabs.space&w=640&q=75
https://www.climatetechlist.com/company/data-gumbo,Data Gumbo,The smart contract network company trusted by global industrial enterprises,Other Verticals,Series C,,,,,Industrial Efficiency,,https://www.climatetechlist.com/_next/image?url=https%3A%2F%2Flogo.clearbit.com%2Fhttp%3A%2F%2Fdatagumbo.com&w=640&q=75
https://www.climatetechlist.com/company/finn,Finn,FINN provides mobility solution by offering monthly car subscriptions through their online platform.,Transportation,Series C,,,,Transportation,Efficient Transportation,,https://www.climatetechlist.com/_next/image?url=https%3A%2F%2Flogo.clearbit.com%2Fhttp%3A%2F%2Ffinn.com&w=640&q=75
https://www.climatetechlist.com/company/h55,H55,"H 55 is developing certified technology solutions to make aviation clean, quite, efficient, affordable and ultimative autonomous.",Transportation,Series C,,,Electric Aviation,,Efficient Aviation,,https://www.climatetechlist.com/_next/image?url=https%3A%2F%2Flogo.clearbit.com%2Fhttp%3A%2F%2Fwww.h55.ch%2F&w=640&q=75
https://www.climatetechlist.com/company/immotor,Immotor,Immotor develops and sells portable and personal transport systems.,Transportation,Series C,,,Electric Bicycles,,Electric Vehicles,,https://www.climatetechlist.com/_next/image?url=https%3A%2F%2Flogo.clearbit.com%2Fhttp%3A%2F%2Fehuandian.net&w=640&q=75
https://www.climatetechlist.com/company/iotecha,IoTecha,IoTecha provides a suite of integrated products for electric vehicle smart charging and powerline communications.,Transportation,Series C,,,,Transportation,Electric Vehicles,,https://www.climatetechlist.com/_next/image?url=https%3A%2F%2Flogo.clearbit.com%2Fhttp%3A%2F%2Fwww.iotecha.com&w=640&q=75
https://www.climatetechlist.com/company/norsepower-oy,Norsepower Oy,Norsepower Oy is a clean technology and engineering company pioneering the generation of renewable wind energy.,Transportation,Series C,,,Efficient Ocean Shipping,,Wind Power,,https://www.climatetechlist.com/_next/image?url=https%3A%2F%2Flogo.clearbit.com%2Fhttp%3A%2F%2Fnorsepower.com&w=640&q=75
https://www.climatetechlist.com/company/scoop-technologies,Scoop Technologies,Scoop brings commuters together in convenient carpools by partnering with their employers.,Transportation,Series C,,,Carpooling,,Efficient Transportation,,https://www.climatetechlist.com/_next/image?url=https%3A%2F%2Flogo.clearbit.com%2Fhttp%3A%2F%2Ftakescoop.com&w=640&q=75
https://www.climatetechlist.com/company/urent,Urent,Urent is an e-scooter and bike-sharing service provider of e-scooter and bikes for public transportation and urban mobility.,Transportation,Series C,,,Public Transit,,Efficient Transportation,,https://www.climatetechlist.com/_next/image?url=https%3A%2F%2Flogo.clearbit.com%2Fhttps%3A%2F%2Furent.ru&w=640&q=75
https://www.climatetechlist.com/company/volta-trucks,Volta Trucks,Volta Trucks is an automotive company offering electric trucks for sustainable cities.,Transportation,Series C,,,Efficient Trucks,,Electric Vehicles,,https://www.climatetechlist.com/_next/image?url=https%3A%2F%2Flogo.clearbit.com%2Fhttps%3A%2F%2Fvoltatrucks.com%2F&w=640&q=75
https://www.climatetechlist.com/company/vulog,Vulog,Vulog builds technology solutions that power the most successful shared mobility businesses in the world.,Transportation,Series C,,,,Transportation,Efficient Transportation,,https://www.climatetechlist.com/_next/image?url=https%3A%2F%2Flogo.clearbit.com%2Fhttp%3A%2F%2Fwww.vulog.com&w=640&q=75
https://www.climatetechlist.com/company/xcharge,Xcharge,XCharge is a global EV charging solution provider.,Transportation,Series C,,,,Transportation,Electric Vehicles,,https://www.climatetechlist.com/_next/image?url=https%3A%2F%2Flogo.clearbit.com%2Fhttp%3A%2F%2Fxcharge.com&w=640&q=75